ROAD TRIP CSV ",."
Version,Language
1500,en


FUEL RECORDS
Odometer (mi),Trip Distance,Date,Fill Amount,Fill Units,Price per Unit,Total Price,Partial Fill,MPG,Note,Octane,Location,Payment,Conditions,Reset,Categories,Flags,Currency Code,Currency Rate,Latitude,Longitude,ID,Trip Comp Fuel Economy,Trip Comp Avg. Speed,Trip Comp Temperature,Trip Comp Drive Time,Tank Number
231520,,"2016-12-11 11:21",11.2,Gal,2.8777,32.23,,,,,,,,Reset,,9,,1,,,1,,,,,0
231729,209,"2016-12-16",10.7,Gal,2.8963,30.99,,19.5327,,,,,,,,0,,1,,,2,,,,,0
231932,203,"2016-12-27 11:16",11.2,Gal,3.0893,34.6,,18.125,,,,,,,,0,,1,32.836524,-117.152631,4,,,,,0
232141,209,"2016-12-31 19:49",10.9,Gal,3.1872,34.74,,19.1743,,,,,,,,0,,1,32.838751,-117.278172,6,,,,,0
232336,195,"2017-1-8 17:20",10.1,Gal,3.2139,32.46,,19.3069,,,,,,,,0,,1,32.832988,-117.163933,8,,,,,0
232526,190,"2017-1-20 22:19",10,Gal,3.202,32.02,,19,,,,,,,,0,,1,32.937711,-117.112836,10,,,,,0
232743,217,"2017-1-27 7:55",11.2,Gal,3.1946,35.78,,19.375,,,,,,,,0,,1,32.937623,-117.112793,12,,,,,0
232955,212,"2017-2-3 18:41",10.8,Gal,3.259,35.2,,19.6296,,,,,,,,0,,1,32.833024,-117.163869,14,,,,,0
233154,199,"2017-2-7 17:51",10.598,Gal,3.1591,33.48,,18.7771,,,,,,,,0,,1,32.838851,-117.278063,16,,,,,0
233354,200,"2017-2-14 14:23",10.158,Gal,3.3392,33.92,,19.6889,,,,,,,,0,,1,32.820438,-117.178616,18,,,,,0
233545,191,"2017-2-18 21:52",10.057,Gal,3.3191,33.38,,18.9917,,,,,,,,0,,1,32.83873,-117.278044,20,,,,,0
233761,216,"2017-3-9 12:18",11.148,Gal,3.3791,37.67,,19.3757,,,,,,,,0,,1,32.838919,-117.27794,22,,,,,0
233958,197,"2017-3-14 16:11",10.305,Gal,3.2887,33.89,,19.1169,,,,,,,,0,,1,32.977366,-117.083097,24,,,,,0
234176,218,"2017-3-20 10:43",11.325,Gal,3.2989,37.36,,19.2494,,,,,,,,0,,1,32.836537,-117.152774,26,,,,,0
234355,179,"2017-3-24 10:33",8.838,Gal,3.1987,28.27,,20.2535,,,,,,,,0,,1,32.934331,-117.060451,28,,,,,0
234560,205,"2017-3-26 16:35",10.221,Gal,3.1993,32.7,,20.0567,,,,,,,,0,,1,32.937578,-117.112779,30,,,,,0
234779,219,"2017-3-31 13:05",11.091,Gal,3.3189,36.81,,19.7457,,,,,,,,0,,1,32.977132,-117.083235,32,,,,,0
234976,197,"2017-4-8 22:32",9.874,Gal,3.2591,32.18,,19.9514,,,,,,,,0,,1,32.937627,-117.112809,34,,,,,0
235201,225,"2017-4-11 13:02",10.851,Gal,3.3389,36.23,,20.7354,,,,,,,,0,,1,32.820608,-117.178907,36,,,,,0
235442,241,"2017-4-13 22:01",11.677,Gal,3.4589,40.39,,20.6389,,,,,,,,0,,1,33.133618,-117.059495,38,,,,,0
235657,215,"2017-4-15 16:23",10.44,Gal,3.2395,33.82,,20.5939,,,,,,,,0,,1,32.799282,-117.241147,40,,,,,0
235862,205,"2017-4-24 11:55",10.929,Gal,3.1787,34.74,,18.7574,,,,,,,,0,,1,32.977109,-117.083333,42,,,,,0
236069,207,"2017-4-29 10:33",10.014,Gal,3.3194,33.24,,20.6711,,,,,,,,0,,1,33.018232,-117.075098,44,,,,,0
236280,211,"2017-5-1 12:05",10.6,Gal,3.6991,39.21,,19.9057,,,,,,,,0,,1,33.122602,-117.319741,46,,,,,0
236503,223,"2017-5-4 7:38",10.018,Gal,3.5985,36.05,,22.2599,,,,,,,,0,,1,32.978946,-117.250149,48,,,,,0
236731,228,"2017-5-8 17:07",10.77,Gal,3.2591,35.1,,21.1699,,,,,,,,0,,1,33.145769,-117.241766,50,,,,,0
236945,214,"2017-5-11 19:34",9.709,Gal,3.3186,32.22,,22.0414,,,,,,,,0,,1,32.838856,-117.277942,52,,,,,0
237176,231,"2017-5-15 7:48",10.59,Gal,3.3192,35.15,,21.813,,,,,,,,0,,1,33.145927,-117.241801,54,,,,,0
237397,221,"2017-5-18 20:43",9.991,Gal,3.339,33.36,,22.1199,,,,,,,,0,,1,32.820539,-117.17866,56,,,,,0
237599,202,"2017-5-22 21:44",9.201,Gal,3.4192,31.46,,21.9541,,,,,,,,0,,1,32.838752,-117.278107,58,,,,,0
237798,199,"2017-5-26 21:06",8.989,Gal,3.3986,30.55,,22.1382,,,,,,,,0,,1,33.084568,-117.29973,60,,,,,0
238003,205,"2017-5-30 19:53",9.675,Gal,3.3995,32.89,,21.1886,,,,,,,,0,,1,33.084516,-117.299711,62,,,,,0
238218,215,"2017-6-3 14:47",9.9,Gal,3.4788,34.44,,21.7172,,,,,,,,0,,1,32.878442,-117.173122,64,,,,,0
238440,222,"2017-6-7 8:34",10.244,Gal,3.2936,33.74,,21.6712,,,,,,,,0,,1,33.026299,-117.273343,66,,,,,0
238662,222,"2017-6-11 15:35",10.221,Gal,3.259,33.31,,21.72,,,,,,,,0,,1,32.977115,-117.08327,68,,,,,0
238896,234,"2017-6-16 17:23",10.606,Gal,3.3132,35.14,,22.063,,,,,,,,0,,1,33.084472,-117.299753,70,,,,,0
239112,216,"2017-6-22 16:53",10.415,Gal,3.3193,34.57,,20.7393,,,,,,,,0,,1,33.084449,-117.299666,72,,,,,0
239333,221,"2017-6-27 18:38",10.18,Gal,3.1395,31.96,,21.7092,,,,,,,,0,,1,33.162295,-117.344426,74,,,,,0
239541,208,"2017-7-1 18:53",9.547,Gal,3.0994,29.59,,21.7869,,,,,,,,0,,1,32.79941,-117.241095,76,,,,,0
239769,228,"2017-7-6 8:12",10.319,Gal,3.199,33.01,,22.0952,,,,,,,,0,,1,33.08442,-117.299935,78,,,,,0
239985,216,"2017-7-11 7:58",10.17,Gal,3.1986,32.53,,21.2389,,,,,,,,0,,1,33.084473,-117.299923,80,,,,,0
240212,227,"2017-7-16 11:17",10.549,Gal,3.1188,32.9,,21.5186,,,,,,,,0,,1,32.836555,-117.152781,82,,,,,0
240435,223,"2017-7-21 19:34",10.245,Gal,3.0991,31.75,,21.7667,,,,,,,,0,,1,32.808573,-117.116702,84,,,,,0
240665,230,"2017-7-25 18:27",10.281,Gal,3.1991,32.89,,22.3714,,,,,,,,0,,1,33.145633,-117.241694,86,,,,,0
240884,219,"2017-7-29 11:57",9.818,Gal,3.299,32.39,,22.306,,,,,,,,0,,1,32.838791,-117.2782,88,,,,,0
241111,227,"2017-8-2 17:59",10.257,Gal,3.0993,31.79,,22.1312,,,,,,,,0,,1,33.145929,-117.241896,90,,,,,0
241357,246,"2017-8-4 19:59",11.473,Gal,3.1988,36.7,,21.4416,,,,,,,,0,,1,33.122066,-117.32455,93,,,,,0
241562,205,"2017-8-7 22:07",9.377,Gal,3.2985,30.93,,21.862,,,,,,,,0,,1,32.83886,-117.278089,95,,,,,0
241784,222,"2017-8-11 8:02",10.07,Gal,3.2989,33.22,,22.0457,,,,,,,,0,,1,33.026195,-117.273225,97,,,,,0
241989,205,"2017-8-15 18:10",9.542,Gal,3.3588,32.05,,21.484,,,,,,,,0,,1,33.084411,-117.299691,99,,,,,0
242211,222,"2017-8-17 20:52",10.058,Gal,3.2591,32.78,,22.072,,,,,,,,0,,1,32.977215,-117.083096,101,,,,,0
242434,223,"2017-8-21 18:25",10.386,Gal,3.3988,35.3,,21.4712,,,,,,,,0,,1,33.084534,-117.299758,103,,,,,0
242645,211,"2017-8-25 7:49",9.411,Gal,3.3588,31.61,,22.4206,,,,,,,,0,,1,33.026229,-117.273145,105,,,,,0
242853,208,"2017-8-29 8:37",9.737,Gal,3.3994,33.1,,21.3618,,,,,,,,0,,1,33.1459,-117.241965,107,,,,,0
243069,216,"2017-9-1 12:42",10.124,Gal,3.4986,35.42,,21.3354,,,,,,,,0,,1,33.145867,-117.241924,109,,,,,0
243282,213,"2017-9-2 18:06",10.052,Gal,3.4789,34.97,,21.1898,,,,,,,,0,,1,32.836601,-117.152785,111,,,,,0
243506,224,"2017-9-6 20:47",10.705,Gal,3.4591,37.03,,20.9248,,,,,,,,0,,1,32.977136,-117.083295,113,,,,,0
243718,212,"2017-9-11 8:42",9.948,Gal,3.4992,34.81,,21.3108,,,,,,,,0,,1,33.145703,-117.24183,115,,,,,0
243941,223,"2017-9-15 19:30",10.332,Gal,3.3991,35.12,,21.5834,,,,,,,,0,,1,32.836714,-117.152737,117,,,,,0
244159,218,"2017-9-19 7:34",9.962,Gal,3.4993,34.86,,21.8832,,,,,,,,0,,1,33.145817,-117.241694,119,,,,,0
244375,216,"2017-9-22 18:47",9.907,Gal,3.3391,33.08,,21.8028,,,,,,,,0,,1,32.977056,-117.083506,121,,,,,0
244589,214,"2017-9-24 16:08",10.01,Gal,3.3986,34.02,,21.3786,,,,,,,,0,,1,33.06812,-117.066296,123,,,,,0
244824,235,"2017-9-29 8:22",10.585,Gal,3.3991,35.98,,22.2012,,,,,,,,0,,1,33.026334,-117.273367,125,,,,,0
245029,205,"2017-10-2 17:50",9.445,Gal,3.3594,31.73,,21.7046,,,,,,,,0,,1,33.084416,-117.300016,127,,,,,0
245257,228,"2017-10-6 8:26",9.874,Gal,3.3563,33.14,,23.0909,,,,,,,,0,,1,33.084481,-117.299885,129,,,,,0
245491,234,"2017-10-11 8:45",10.739,Gal,3.1986,34.35,,21.7897,,,,,,,,0,,1,33.084604,-117.299898,131,,,,,0
245712,221,"2017-10-15 18:22",9.741,Gal,3.2995,32.14,,22.6876,,,,,,,,0,,1,32.937639,-117.112808,133,,,,,0
245935,223,"2017-10-19 17:40",9.713,Gal,3.2585,31.65,,22.9589,,,,,,,,0,,1,33.084516,-117.299794,135,,,,,0
246168,233,"2017-10-25 8:44",10.573,Gal,3.159,33.4,,22.0373,,,,,,,,0,,1,33.026343,-117.273354,137,,,,,0
246365,197,"2017-10-29 13:17",9.102,Gal,3.3993,30.94,,21.6436,,,,,,,,0,,1,32.833078,-117.164064,139,,,,,0
246591,226,"2017-11-2 7:45",9.785,Gal,3.5003,34.25,,23.0966,,,,,,,,0,,1,33.026293,-117.2733,141,,,,,0
246826,235,"2017-11-6 7:57",10.435,Gal,3.5994,37.56,,22.5204,,,,,,,,0,,1,33.02617,-117.273258,143,,,,,0
247027,201,"2017-11-9 18:24",9.059,Gal,3.5986,32.6,,22.1879,,,,,,,,0,,1,33.145741,-117.241825,145,,,,,0
247253,226,"2017-11-13 8:04",9.816,Gal,3.5595,34.94,,23.0236,,,,,,,,0,,1,33.026238,-117.273224,147,,,,,0
247472,219,"2017-11-16 21:14",9.696,Gal,3.4788,33.73,,22.5866,,,,,,,,0,,1,32.977098,-117.083262,149,,,,,0
247698,226,"2017-11-21 18:35",9.539,Gal,3.4993,33.38,,23.6922,,,,,,,,0,,1,33.084515,-117.29981,151,,,,,0
247916,218,"2017-11-27 18:15",9.788,Gal,3.3991,33.27,,22.2722,,,,,,,,0,,1,33.145807,-117.24194,153,,,,,0
248155,239,"2017-12-1 18:23",10.19,Gal,3.4593,35.25,,23.4544,,,,,,,,0,,1,33.084407,-117.29969,155,,,,,0
248360,205,"2017-12-3 19:55",8.814,Gal,3.3991,29.96,,23.2585,,,,,,,,0,,1,32.836621,-117.15275,157,,,,,0
248570,210,"2017-12-7 17:59",9.129,Gal,3.3991,31.03,,23.0036,,,,,,,,0,,1,33.084566,-117.299802,159,,,,,0
248780,210,"2017-12-10 23:10",9.502,Gal,3.4393,32.68,,22.1006,,,,,,,,0,,1,32.838823,-117.278102,161,,,,,0
248986,206,"2017-12-18 18:11",8.886,Gal,3.3592,29.85,,23.1825,,,,,,,,0,,1,33.084426,-117.299659,163,,,,,0
249203,217,"2017-12-31 17:04",10.541,Gal,3.3991,35.83,,20.5863,,,,,,,,0,,1,32.937643,-117.11275,165,,,,,0
249327,124,"2018-1-6 8:36",5.987,Gal,3.5794,21.43,,20.7115,,,,,,,,0,,1,32.820549,-117.178638,167,,,,,0
249477,150,"2018-1-6 14:21",7.554,Gal,3.2989,24.92,,19.857,,,,,,,,0,,1,33.278987,-115.9653,169,,,,,0
249678,201,"2018-1-8 15:36",10.102,Gal,3.5587,35.95,,19.897,,,,,,,,0,,1,33.145747,-117.241671,171,,,,,0
249903,225,"2018-1-19 8:39",10.998,Gal,3.6989,40.68,,20.4583,,,,,,,,0,,1,33.01142,-117.262996,173,,,,,0
249963,60,"2018-1-20 19:07",2.924,Gal,3.5602,10.41,,20.5198,,,,,,,,0,,1,32.832956,-117.164062,175,,,,,0
250121,158,"2018-1-21 11:07",8.687,Gal,4.2995,37.35,,18.1881,,,,,,,,0,,1,32.730715,-115.994607,177,,,,,0
250326,205,"2018-2-5 11:35",10.492,Gal,3.761,39.46,,19.5387,,,,,,,,0,,1,32.951503,-117.062076,179,,,,,0
250502,176,"2018-2-15 18:58",8.881,Gal,3.6989,32.85,,19.8176,,,,,,,,0,,1,32.820613,-117.17842,181,,,,,0
250732,230,"2018-10-4 11:25",11.616,Gal,4.1994,48.78,,19.8003,,,,,,,,0,,1,32.833387,-117.163954,183,,,,,0
250951,219,"2018-10-13 8:34",10.761,Gal,4.1492,44.65,,20.3513,,,,,,,,0,,1,32.894316,-117.120908,185,,,,,0
251180,229,"2018-11-10 10:51",11.378,Gal,4.1589,47.32,,20.1266,,,,,,,,0,,1,37.777289,-122.40444,187,,,,,0
251340,160,"2018-11-30 20:12",7.808,Gal,4.7989,37.47,,20.4918,,,,,,,,0,,1,38.591435,-121.555013,189,,,,,0
251561,221,"2018-12-2 14:41",10.917,Gal,4.0863,44.61,,20.2437,,,,,,,,0,,1,38.923172,-121.056583,191,,,,,0
251781,220,"2018-12-9 9:16",10.345,Gal,3.9594,40.96,,21.2663,,,,,,,,0,,1,37.777143,-122.404415,193,,,,,0
251998,217,"2019-1-8 7:53",10.411,Gal,3.8988,40.59,,20.8433,,,,,,,,0,,1,37.777507,-122.404362,195,,,,,0
252239,241,"2019-1-16 17:15",11.218,Gal,4.1986,47.1,,21.4833,,,,,,,,0,,1,37.647976,-122.406141,197,,,,,0
252440,201,"2019-2-8 7:23",10.37,Gal,3.8987,40.43,,19.3828,,,,,,,,0,,1,37.777438,-122.404521,199,,,,,0
252570,130,"2019-2-8 21:33",6.051,Gal,3.3697,20.39,,21.4841,,,,,,,,0,,1,38.574729,-121.523876,201,,,,,0
252752,182,"2019-2-10 17:59",10.142,Gal,3.379,34.27,,17.9452,,,,,,,,0,,1,38.658306,-120.969734,203,,,,,0
252981,229,"2019-2-16 22:46",11.061,Gal,3.6986,40.91,,20.7034,,,,,,,,0,,1,37.352417,-122.051422,205,,,,,0
253109,128,"2019-2-17 5:42",6.725,Gal,4.3985,29.58,,19.0335,,,,,,,,0,,1,38.591431,-121.555135,207,,,,,0
253329,220,"2019-2-17 19:35",10.444,Gal,3.379,35.29,,21.0647,,,,,,,,0,,1,38.658593,-120.969516,209,,,,,0
253499,170,"2019-3-2 4:19",8.485,Gal,3.8986,33.08,,20.0354,,,,,,,,0,,1,37.77741,-122.404593,211,,,,,0
253583,84,"2019-3-2 6:00",4.474,Gal,4.3987,19.68,,18.7751,,,,,,,,0,,1,38.591525,-121.554919,213,,,,,0
253723,140,"2019-3-9 4:58",8.041,Gal,3.8988,31.35,,17.4108,,,,,,,,0,,1,37.777288,-122.404697,215,,,,,0
253841,118,"2019-3-9 6:41",6.395,Gal,3.5794,22.89,,18.4519,,,,,,,,0,,1,38.658447,-120.969403,217,,,,,0
254024,183,"2019-3-9 19:34",8.16,Gal,3.5809,29.22,,22.4265,,,,,,,,0,,1,38.658487,-120.969618,219,,,,,0
254162,138,"2019-3-15 13:06",7.233,Gal,3.8988,28.2,,19.0792,,,,,,,,0,,1,37.777246,-122.404422,221,,,,,0
254234,72,"2019-3-15 16:04",2.774,Gal,3.5977,9.98,,25.9553,,,,,,,,0,,1,38.489856,-121.804623,223,,,,,0
254481,247,"2019-3-17 17:13",10.898,Gal,3.5988,39.22,,22.6647,,,,,,,,0,,1,38.658489,-120.969454,225,,,,,0
254724,243,"2019-3-20 12:20",10.614,Gal,3.8986,41.38,,22.8943,,,,,,,,0,,1,37.421463,-121.921567,227,,,,,0
254941,217,"2019-3-25 10:37",11.0118,Gal,3.9612,43.62,,19.7061,,,,,,,,0,,1,37.789466,-122.421788,229,,,,,0
255183,242,"2019-4-4 8:58",11.197,Gal,3.9993,44.78,,21.6129,,,,,,,,0,,1,37.790583,-122.422677,231,,,,,0
255397,214,"2019-4-9 23:05",10.358,Gal,4.2991,44.53,,20.6604,,,,,,,,0,,1,37.929766,-122.516285,233,,,,,0
255570,173,"2019-4-25 8:36",8.571,Gal,4.4989,38.56,,20.1843,,,,,,,,0,,1,37.777245,-122.404551,235,,,,,0
255777,207,"2019-4-28 12:06",9.826,Gal,4.4993,44.21,,21.0666,,,,,,,,0,,1,37.789424,-122.422555,237,,,,,0
255941,164,"2019-5-11 5:55",7.884,Gal,4.5992,36.26,,20.8016,,,,,,,,0,,1,37.777389,-122.404488,239,,,,,0
256025,84,"2019-5-11 7:13",4.18,Gal,5.1986,21.73,,20.0957,,,,,,,,0,,1,38.591456,-121.555003,241,,,,,0
256216,191,"2019-5-11 16:14",9.18,Gal,4.4989,41.3,,20.8061,,,,,,,,0,,1,38.923247,-121.056664,244,,,,,0
256432,216,"2019-5-28 9:40",11.019,Gal,4.3988,48.47,,19.6025,,,,,,,,0,,1,37.777221,-122.404482,246,,,,,0
256664,232,"2019-6-8 16:14",10.54,Gal,4.4592,47,,22.0114,,,,,,,,0,,1,38.068973,-122.806609,248,,,,,0
256870,206,"2019-6-28 8:46",10.557,Gal,4.1394,43.7,,19.5131,,,,,,,,0,,1,37.777417,-122.404521,250,,,,,0
257101,231,"2019-7-12 19:15",11.313,Gal,4.1413,46.85,,20.419,,,,,,,,0,,1,37.77739,-122.404568,252,,,,,0
257299,198,"2019-7-28 7:29",9.987,Gal,4.0993,40.94,,19.8258,,,,,,,,0,,1,37.77743,-122.404463,254,,,,,0
257517,218,"2019-8-12 9:02",9.742,Gal,3.9386,38.37,,22.3773,,,,,,,,0,,1,37.789538,-122.422703,256,,,,,0
257724,207,"2019-8-17 11:33",10.193,Gal,4.0989,41.78,,20.3081,,,,,,,,0,,1,37.151951,-121.655501,258,,,,,0
257936,212,"2019-8-20 7:53",10.224,Gal,4.0989,41.91,,20.7355,,,,,,,,0,,1,37.773219,-122.445473,260,,,,,0
258145,209,"2019-9-21 11:06",10.776,Gal,4.2994,46.33,,19.395,,,,,,,,0,,1,37.777268,-122.404628,262,,,,,0
258360,215,"2019-10-9 19:29",11.082,Gal,4.3593,48.31,,19.4008,,,,,,,,0,,1,37.666692,-122.452577,264,,,,,0
258599,239,"2019-10-24 8:26",11.504,Gal,4.5993,52.91,,20.7754,,,,,,,,0,,1,37.777362,-122.404604,266,,,,,0
258805,206,"2019-11-11 8:25",9.909,Gal,4.4394,43.99,,20.7892,,,,,,,,0,,1,37.777368,-122.404636,268,,,,,0
259014,209,"2019-11-20 18:41",10.704,Gal,4.2386,45.37,,19.5254,,,,,,,,0,,1,37.716887,-122.441144,270,,,,,0
259186,172,"2019-12-5 4:33",8.827,Gal,4.0387,35.65,,19.4857,,,,,,,,0,,1,37.777203,-122.40435,272,,,,,0
259270,84,"2019-12-5 5:52",4.1,Gal,5.4,22.14,,20.4878,,,,,,,,0,,1,38.591473,-121.555056,274,,,,,0
259462,192,"2019-12-5 15:46",9.014,Gal,3.9993,36.05,,21.3002,,,,,,,,0,,1,38.923031,-121.056634,276,,,,,0
259674,212,"2019-12-6 15:46",9.522,Gal,4.0989,39.03,,22.2642,,,,,,,,0,,1,36.972267,-122.035602,278,,,,,0
259891,217,"2019-12-31 15:10",11.092,Gal,4.0994,45.47,,19.5637,,,,,,,,0,,1,37.773117,-122.445697,280,,,,,0
260075,184,"2020-3-13 13:22",11.1,Gal,3.8658,42.91,,16.5766,,,,,,,,0,,1,37.789715,-122.421531,282,,,,,0
260280,205,"2020-3-20 15:38",9.709,Gal,3.6791,35.72,,21.1144,,,,,,,,0,,1,37.777293,-122.404394,284,,,,,0
260466,186,"2020-3-20 18:32",9.473,Gal,3.9987,37.88,,19.6348,,,,,,,,0,,1,36.254525,-120.249538,286,,,,,0
260676,210,"2020-3-20 21:29",10.894,Gal,3.9994,43.57,,19.2767,,,,,,,,0,,1,33.997039,-118.14574,288,,,,,0
260884,208,"2020-6-23 15:01",11.174,Gal,3.4992,39.1,,18.6146,,,,,,,,0,,1,32.937577,-117.112785,290,,,,,0
261068,184,"2020-6-29 9:42",9.317,Gal,3.6986,34.46,,19.7488,,,,,,,,0,,1,33.039889,-116.871953,292,,,,,0
261271,203,"2020-7-4 10:33",9.354,Gal,3.699,34.6,,21.7019,,,,,,,,0,,1,33.040029,-116.871882,294,,,,,0
261484,213,"2020-7-16 11:12",10.721,Gal,3.4987,37.51,,19.8675,,,,,,,,0,,1,33.068025,-117.066405,296,,,,,0
261633,149,"2020-7-20 21:15",7.582,Gal,3.6996,28.05,,19.6518,,,,,,,,0,,1,33.039913,-116.871967,298,,,,,0
261858,225,"2020-7-30 16:15",10.799,Gal,3.6587,39.51,,20.8353,,,,,,,,0,,1,32.977458,-117.08337,300,,,,,0
262079,221,"2020-8-7 14:27",11.618,Gal,3.6986,42.97,,19.0222,,,,,,,,0,,1,32.977308,-117.083159,302,,,,,0
262267,188,"2020-8-9 10:38",10.127,Gal,3.701,37.48,,18.5642,,,,,,,,0,,1,34.420866,-118.584668,304,,,,,0
262510,243,"2020-8-11 17:47",11.45,Gal,3.6987,42.35,,21.2227,,,,,,,,0,,1,32.977159,-117.083297,306,,,,,0
262719,209,"2020-8-20 16:32",10.722,Gal,3.7586,40.3,,19.4926,,,,,,,,0,,1,32.836521,-117.152821,308,,,,,0
262938,219,"2020-8-26 13:21",11.323,Gal,3.6987,41.88,,19.3412,,,,,,,,0,,1,32.977177,-117.083362,310,,,,,0
263151,213,"2020-9-4 17:37",11.882,Gal,3.7586,44.66,,17.9263,,,,,,,,0,,1,33.018143,-117.075212,312,,,,,0
263396,245,"2020-9-12 13:48",11.334,Gal,3.7586,42.6,,21.6164,,,,,,,,0,,1,33.179981,-117.326477,314,,,,,0
263532,136,"2020-9-22 6:33",9.886,Gal,3.5586,35.18,,13.7568,,,,,,,,0,,1,33.067983,-117.066236,316,,,,,0
263742,210,"2020-9-26 14:49",10.65,Gal,3.5991,38.33,,19.7183,,,,,,,,0,,1,32.836578,-117.152881,318,,,,,0
263962,220,"2020-10-3 19:41",11.563,Gal,3.7594,43.47,,19.0262,,,,,,,,0,,1,33.133552,-117.059592,320,,,,,0
264066,104,"2020-10-9 18:43",5.345,Gal,3.6988,19.77,,19.4574,,,,,,,,0,,1,33.040001,-116.872035,322,,,,,0
264288,222,"2020-10-14 18:16",10.486,Gal,3.7593,39.42,,21.1711,,,,,,,,0,,1,33.180117,-117.326425,324,,,,,0
264500,212,"2020-10-23 16:45",11.068,Gal,3.5987,39.83,,19.1543,,,,,,,,0,,1,32.977378,-117.083306,326,,,,,0
264724,224,"2020-10-31 10:59",11.112,Gal,3.4989,38.88,,20.1584,,,,,,,,0,,1,33.208396,-117.034241,328,,,,,0
264848,124,"2020-10-31 15:02",6.735,Gal,3.5991,24.24,,18.4113,,,,,,,,0,,1,33.279174,-115.965173,330,,,,,0
265033,185,"2020-11-2 18:02",9.769,Gal,3.5991,35.16,,18.9375,,,,,,,,0,,1,32.977439,-117.083039,332,,,,,0
265228,195,"2020-11-13 15:40",10.179,Gal,3.6015,36.66,,19.1571,,,,,,,,0,,1,33.018156,-117.07516,334,,,,,0
265443,215,"2020-11-15 16:43",10.407,Gal,3.6994,38.5,,20.6592,,,,,,,,0,,1,32.937527,-117.112807,336,,,,,0
265567,124,"2020-11-27 10:19",6.892,Gal,3.5534,24.49,,17.9919,,,,,,,,0,,1,33.040023,-116.871813,338,,,,,0
265675,108,"2020-11-27 13:44",5.252,Gal,3.6995,19.43,,20.5636,,,,,,,,0,,1,33.036912,-115.622582,340,,,,,0
265879,204,"2020-11-28 10:05",11.035,Gal,3.5587,39.27,,18.4866,,,,,,,,0,,1,33.068034,-117.066282,342,,,,,0
266094,215,"2020-12-6 12:42",10.994,Gal,3.4992,38.47,,19.5561,,,,,,,,0,,1,33.067965,-117.066315,344,,,,,0
266298,204,"2020-12-11 9:11",10.179,Gal,3.6585,37.24,,20.0413,,,,,,,,0,,1,33.084642,-117.299703,346,,,,,0
266522,224,"2020-12-20 11:46",11.578,Gal,3.6993,42.83,,19.347,,,,,,,,0,,1,32.836394,-117.152927,348,,,,,0
266729,207,"2020-12-26 11:32",10.743,Gal,3.7587,40.38,,19.2684,,,,,,,,0,,1,32.93751,-117.112763,350,,,,,0
266942,213,"2021-1-1 11:30",10.803,Gal,3.7989,41.04,,19.7167,,,,,,,,0,,1,32.83679,-117.152806,352,,,,,0
267055,113,"2021-1-2 9:00",6.263,Gal,4.2983,26.92,,18.0425,,,,,,,,0,,1,32.730828,-115.994515,354,,,,,0
267273,218,"2021-1-8 11:21",11.899,Gal,4.1987,49.96,,18.3209,,,,,,,,0,,1,32.894081,-117.12104,356,,,,,0
267486,213,"2021-1-19 11:33",11.058,Gal,3.8994,43.12,,19.2621,,,,,,,,0,,1,32.937622,-117.112689,358,,,,,0
267694,208,"2021-1-26 13:34",11.424,Gal,4.1991,47.97,,18.2073,,,,,,,,0,,1,32.894486,-117.120989,360,,,,,0
267907,213,"2021-1-30 16:29",10.588,Gal,4.0593,42.98,,20.1171,,,,,,,,0,,1,32.937628,-117.112805,362,,,,,0
268115,208,"2021-2-4 10:20",10.979,Gal,4.0605,44.58,,18.9453,,,,,,,,0,,1,33.084442,-117.299675,364,,,,,0
268242,127,"2021-2-7 9:58",6.483,Gal,4.0583,26.31,,19.5897,,,,,,,,0,,1,32.937674,-117.112767,366,,,,,0
268328,86,"2021-2-7 11:19",4.295,Gal,4.5984,19.75,,20.0233,,,,,,,,0,,1,32.730732,-115.994555,368,,,,,0
268546,218,"2021-3-2 19:12",11.32,Gal,4.1988,47.53,,19.258,,,,,,,,0,,1,32.977211,-117.083308,370,,,,,0
268779,233,"2021-3-10 18:16",11.429,Gal,4.3591,49.82,,20.3867,,,,,,,,0,,1,32.977545,-117.083236,372,,,,,0
268995,216,"2021-3-18 10:00",10.878,Gal,4.2986,46.76,,19.8566,,,,,,,,0,,1,33.06781,-117.066274,374,,,,,0
269204,209,"2021-3-23 8:51",10.296,Gal,4.3017,44.29,,20.2991,,,,,,,,0,,1,33.068065,-117.066561,376,,,,,0
269418,214,"2021-3-28 11:38",11.062,Gal,4.3988,48.66,,19.3455,,,,,,,,0,,1,32.83645,-117.152607,378,,,,,0
269648,230,"2021-4-3 17:58",11.263,Gal,4.4588,50.22,,20.4208,,,,,,,,0,,1,33.018232,-117.075176,380,,,,,0
269868,220,"2021-4-9 17:57",10.735,Gal,4.4592,47.87,,20.4937,,,,,,,,0,,1,32.977155,-117.083252,382,,,,,0
270082,214,"2021-4-15 16:56",10.784,Gal,4.4594,48.09,,19.8442,,,,,,,,0,,1,33.133393,-117.194241,384,,,,,0
270181,99,"2021-4-17 9:15",4.838,Gal,4.2187,20.41,,20.463,,,,,,,,0,,1,33.844978,-117.243615,386,,,,,0
270324,143,"2021-4-17 13:52",6.546,Gal,4.2102,27.56,,21.8454,,,,,,,,0,,1,33.037212,-115.622564,388,,,,,0
270535,211,"2021-4-23 8:29",11.637,Gal,4.3989,51.19,,18.1318,,,,,,,,0,,1,33.067898,-117.06625,390,,,,,0
270742,207,"2021-5-14 18:39",10.736,Gal,4.4989,48.3,,19.2809,,,,,,,,0,,1,33.068198,-117.066335,392,,,,,0
270973,231,"2021-5-15 14:41",11.763,Gal,4.6986,55.27,,19.6378,,,,,,,,0,,1,33.60566,-114.605653,394,,,,,0
271134,161,"2021-5-16 15:43",10.584,Gal,4.7392,50.16,,15.2116,,,,,,,,0,,1,33.88328,-116.501438,396,,,,,0
271344,210,"2021-6-16 18:18",10.906,Gal,4.5993,50.16,,19.2555,,,,,,,,0,,1,33.067855,-117.066579,398,,,,,0
271543,199,"2021-7-9 19:30",11.691,Gal,4.9987,58.44,,17.0216,,,,,,,,0,,1,33.023629,-117.082605,400,,,,,0
271761,218,"2021-8-6 19:45",11.784,Gal,4.899,57.73,,18.4997,,,,,,,,0,,1,32.937632,-117.112844,402,,,,,0
271974,213,"2021-8-22 13:12",12.187,Gal,4.899,59.7,,17.4776,,,,,,,,0,,1,33.145727,-117.241971,404,,,,,0
272181,207,"2021-9-2 17:27",11.453,Gal,4.7987,54.96,,18.0739,,,,,,,,0,,1,33.068053,-117.066215,406,,,,,0
272381,200,"2021-9-9 19:05",11.202,Gal,4.7991,53.76,,17.854,,,,,,,,0,,1,33.067959,-117.06623,408,,,,,0
272575,194,"2021-9-17 17:38",11.447,Gal,4.7986,54.93,,16.9477,,,,,,,,0,,1,33.067931,-117.066624,410,,,,,0
272782,207,"2021-10-15 8:57",11.215,Gal,4.9987,56.06,,18.4574,,,,,,,,0,,1,33.018167,-117.075191,412,,,,,0
273003,221,"2021-10-23 15:31",11.974,Gal,4.8989,58.66,,18.4567,,,,,,,,0,,1,33.068159,-117.066666,414,,,,,0
273173,170,"2021-10-30 11:33",9.197,Gal,4.8788,44.87,,18.4843,,,,,,,,0,,1,33.925944,-116.978027,416,,,,,0
273373,200,"2021-10-31 12:08",11.122,Gal,4.9991,55.6,,17.9824,,,,,,,,0,,1,33.068132,-117.06639,418,,,,,0
273569,196,"2021-11-6 13:40",9.897,Gal,4.7489,47,,19.804,,,,,,,,0,,1,34.989613,-118.940706,420,,,,,0
273679,110,"2021-11-6 15:36",7.306,Gal,4.9986,36.52,,15.0561,,,,,,,,0,,1,36.253166,-120.238596,422,,,,,0
273874,195,"2021-11-7 16:08",11.247,Gal,4.9987,56.22,,17.338,,,,,,,,0,,1,37.762785,-122.434561,424,,,,,0
274039,165,"2021-12-11 16:27",9.961,Gal,4.9995,49.8,,16.5646,,,,,,,,0,,1,37.595855,-122.503321,426,,,,,0
274251,212,"2022-1-27 17:47",11.086,Gal,4.899,54.31,,19.1232,,,,,,,,0,,1,37.762726,-122.434752,428,,,,,0
274402,151,"2022-6-9 19:31",10.919,Gal,6.899,75.33,,13.8291,,,,,,,,0,,1,38.249416,-122.626582,430,,,,,0
274569,167,"2022-6-12 15:32",7.911,Gal,5.7667,45.62,,21.1098,,,,,,,,0,,1,37.929562,-122.516417,432,,,,,0
274761,192,"2022-7-14 14:27",11.32,Gal,6.3993,72.44,,16.9611,,,,,,,,0,,1,37.762638,-122.434588,434,,,,,0
274852,91,"2022-8-28 14:59",6.097,Gal,5.6995,34.75,,14.9254,,,,,,,,0,,1,37.902484,-122.511524,436,,,,,0
275060,208,"2022-9-2 10:41",10.125,Gal,5.3985,54.66,,20.5432,,,,,,,,0,,1,38.00711,-122.544506,438,,,,,0


MAINTENANCE RECORDS
Description,Date,Odometer (mi.),Cost,Note,Location,Type,Subtype,Payment,Categories,Reminder Interval,Reminder Distance,Flags,Currency Code,Currency Rate,Latitude,Longitude,ID,Notification Interval,Notification Distance
"Clutch Linkage Replaced","2016-12-23 17:30",231800,,"Replaced part welded by BNC. Difficult to remove, cotter pin looked reused","2456 Azure Coast Drive La Jolla 92037",Service,,,,,,0,,1,32.850537,-117.250018,5,,
"Clutch MC/SC/bleed","2016-12-26 16:30",231810,,"Replaced by me with Suzuki parts from eBay. Engages and disengages well but feels different. ","2456 Azure Coast Drive La Jolla 92037",Service,,,,"1y",,64,,1,32.850537,-117.250018,3,"1w",
"Oil Change","2017-2-16 14:40",233391,,"Plugs 1 and 3 checked ok. Tires rotated nail in driver front. Rotella T6 plus some M1 10W-30","2456 Azure Coast Drive La Jolla 92037",Service,,,,,3333,0,,1,32.850532,-117.250142,9,"1w",100
"Battery","2017-3-23 9:39",234292,108.22,"Pep Boys size 85",,Service,,,,,,0,,1,32.851299,-117.071976,11,,
"Oil Change","2017-5-6 20:14",236658,,"All Rotella T6, Suzuki filter, forgot Blackstone. Tires rotated. ","2456 Azure Coast Drive La Jolla 92037",Service,,,,,3333,64,,1,32.850532,-117.250142,13,"1w",300
"Upper Coolant Hose","2017-5-6 20:15",236658,,"Burped and coolant topped off","2456 Azure Coast Drive La Jolla 92037",Service,,,,,,0,,1,32.824147,-117.184311,15,,
"Oil Change","2017-7-15 15:15",240192,,"All Rotella T6. Took UOA sample. ","2456 Azure Coast Drive La Jolla 92037",Service,,,,,3333,64,,1,32.850532,-117.250142,17,"1w",300
"Air Filter","2017-7-15 15:15",240192,,"Suzuki Air Filter","2456 Azure Coast Drive La Jolla 92037",Service,,,,"1y",,64,,1,32.850399,-117.250064,19,,
"Rotate Tires","2017-7-15 15:16",240193,,"36.5psi. Side walls worn on old fronts","2456 Azure Coast Drive La Jolla 92037",Service,,,,,,0,,1,32.850394,-117.249896,21,,
"Oil Change","2017-9-3 15:21",243330,,"All 5.5qt Rotella T6. Suzuki filter. No rotation. ","2456 Azure Coast Drive La Jolla 92037",Service,,,,,3333,64,,1,32.850532,-117.250142,23,"1w",300
"Oil Change","2017-11-2 19:06",246630,,"Rotella T6, Suzuki filter 5.5qt","2456 Azure Coast Drive La Jolla 92037",Service,,,,,3333,64,,1,32.850532,-117.250142,26,"1w",300
"Spark Plugs","2017-12-10 23:01",248778,10,,"2456 Azure Coast Drive La Jolla 92037",Service,,,,,,0,,1,32.850297,-117.249634,30,,
"Shifter Bushing","2017-12-10 23:01",248779,15,,"2456 Azure Coast Drive La Jolla 92037",Service,,,,,,0,,1,32.850297,-117.249634,28,,
"Oil Change","2018-1-20 18:17",249952,,"5.5 qt Rotella T6
Suzuki Oil Filter
25 ft/lb Drain Plug","2456 Azure Coast Drive La Jolla 92037",Service,,,,,3333,64,,1,32.850532,-117.250142,35,"1w",300
"Oil Change","2020-5-21 16:42",260804,,,"Oil Changers Poway",Service,,,,,3333,0,,1,32.951533,-117.060375,37,"1w",300
"Battery","2020-9-30 20:41",263900,185.56,,"Autozone",Service,,,,,,0,,1,32.955469,-117.041383,39,,
"Oil Change","2020-11-1 15:21",265018,,,"Oil Changers Poway",Service,,,,,3333,0,,1,,,89,"1w",300
"Spark Plugs","2020-11-28 12:43",265891,13.96,"NKG 6962",,Service,,,,,,0,,1,33.053627,-117.069726,41,,
"Checked PCV Valve","2020-11-28 12:44",265891,,"Blow from head no blow from intake",,Service,,,,,,0,,1,33.053601,-117.069712,43,,
"Rear Trailing Arms","2020-12-6 12:34",266093,,"Moog, 65 lb/ft, yellow paint",,Service,,,,,,0,,1,33.053661,-117.069701,45,,
"Air Filter","2020-12-12 10:53",266298,,"Suzuki filter from RockAuto",,Service,,,,"1y",,0,,1,,,47,,
"Rear Upper Control Arm","2020-12-15 21:59",266298,,"AC Delco, tight on body, one diff bracket bolt cross threaded (driver front)",,Service,,,,,,0,,1,33.05367,-117.069561,49,,
"Rear Wiper Blade","2020-12-15 22:00",266298,,"Anco",,Service,,,,,,0,,1,33.053639,-117.069503,51,,
"Fuel Filter","2020-12-24 19:21",266522,,"Delco",,Service,,,,,,0,,1,33.053729,-117.069292,53,,
"Tighten Trailing Arms","2020-12-24 19:22",266522,,,,Service,,,,,,0,,1,33.053546,-117.069467,55,,
"Remove Hood Cover","2020-12-24 19:22",266522,,,,Service,,,,,,0,,1,33.053655,-117.069342,57,,
"Front Control Arms","2021-1-8 11:03",267261,,,,Service,,,,,,0,,1,33.052785,-117.067338,59,,
"Sway Bar Bushings And Links","2021-1-8 11:04",267261,,,,Service,,,,,,0,,1,33.055947,-117.071583,61,,
"Lift Kit","2021-1-25 12:02",267620,,,,Service,,,,,,0,,1,33.053823,-117.069442,63,,
"Strut Mounts","2021-1-25 12:03",267620,,,,Service,,,,,,0,,1,33.053798,-117.069477,65,,
"Removed Sway Bar","2021-1-30 15:56",267900,,,,Service,,,,,,0,,1,32.947179,-117.107082,67,,
"New Left CV","2021-2-26 12:08",268376,,,,Service,,,,,,0,,1,33.131338,-117.121557,71,,
"New Left Control Arm","2021-2-26 12:08",268376,,,,Service,,,,,,0,,1,33.131313,-117.121543,69,,
"New Right Tie Rod","2021-2-26 12:09",268376,,,,Service,,,,,,0,,1,33.131366,-117.121574,77,,
"New Right Strut Mount","2021-2-26 12:09",268376,,,,Service,,,,,,0,,1,33.131364,-117.121585,81,,
"New Left Tie Rod","2021-2-26 12:09",268376,,,,Service,,,,,,0,,1,33.131347,-117.121551,73,,
"New Left Strut Mount","2021-2-26 12:09",268376,,,,Service,,,,,,0,,1,33.131376,-117.121588,79,,
"New Center Link","2021-2-26 12:09",268376,,,,Service,,,,,,0,,1,33.13134,-117.121572,75,,
"Alignment","2021-2-26 12:09",268376,,,,Service,,,,,,0,,1,33.131371,-117.121573,83,,
"Oil Change","2021-4-11 16:42",269956,,,"Oil Changers Poway",Service,,,,,3333,0,,1,32.951447,-117.060291,85,"1w",300
"Tire Rotation","2021-4-11 19:46",269966,,"Spare to RR
RR to RF
RF to LR
LR washed to LF
LF to spare",,Service,,,,,,0,,1,33.053682,-117.069332,87,,


ROAD TRIPS
Name,Start Date,Start Odometer (mi.),End Date,End Odometer,Note,Distance,ID,Type,Categories,Flags
"Fall 2016","2016-9-1",231520,"2016-12-31",232141,,621,1,Report,,14
"My First Road Trip","2016-12-16",231729,,,,,2,Report,,14
"Spring 2017","2017-1-1",232141,"2017-4-30",236069,,3928,3,Report,,14
"Summer 2017","2017-5-1",236280,"2017-8-31",242853,,6573,4,Report,,14


VEHICLE
Name,Odometer,Units,Notes,Tank Capacity,Tank Units,Home Currency,Flags,IconID,FuelUnits,TripComp Units,TripComp Speed,TripComp Temperature,TripComp Time Enabled,Odometer Shift,Tank 1 Type,Tank 2 Type,Tank 2 Units
"Suzuki Sidekick Sport","mi","MPG","License Plate:
VIN:

Insurance Name:
Policy No.:
Phone:

Oil Type:

Notes:
",,gal,USD,16385,0,0,,,,,


TIRE LOG
Name,Start Date,Start Odometer (mi.),Size,Size Correction,Distance,Age,Note,Flags,ID,ParentID
"Default Tires",,,,,43540,"5 years 8 months",,0,1,0


VALUATIONS
Type,Date,Odometer,Price,Notes,Flags

